Datetime,Water Level (m)
2025-05-27 00:00:00,0.073781304
2025-05-27 01:00:00,0.09042887
2025-05-27 02:00:00,0.1017802
2025-05-27 03:00:00,0.10660386
2025-05-27 04:00:00,0.1096636
2025-05-27 05:00:00,0.10924165
2025-05-27 06:00:00,0.10550179
2025-05-27 07:00:00,0.10229949
2025-05-27 08:00:00,0.10197616
2025-05-27 09:00:00,0.10651231
2025-05-27 10:00:00,0.11731467
2025-05-27 11:00:00,0.1327926
2025-05-27 12:00:00,0.14870709
2025-05-27 13:00:00,0.16512674
2025-05-27 14:00:00,0.17990655
2025-05-27 15:00:00,0.1908003
2025-05-27 16:00:00,0.19877852
2025-05-27 17:00:00,0.20383294
2025-05-27 18:00:00,0.2053174
2025-05-27 19:00:00,0.20560016
2025-05-27 20:00:00,0.20554638
2025-05-27 21:00:00,0.20789525
2025-05-27 22:00:00,0.21712272
2025-05-27 23:00:00,0.23132908
2025-05-28 00:00:00,0.247739
2025-05-28 01:00:00,0.26247534
2025-05-28 02:00:00,0.2745113
2025-05-28 03:00:00,0.28325912
2025-05-28 04:00:00,0.28783786
2025-05-28 05:00:00,0.28881818
2025-05-28 06:00:00,0.2873092
2025-05-28 07:00:00,0.2819657
2025-05-28 08:00:00,0.27830043
2025-05-28 09:00:00,0.27839127
2025-05-28 10:00:00,0.28671318
2025-05-28 11:00:00,0.2953159
2025-05-28 12:00:00,0.31297627
2025-05-28 13:00:00,0.33444405
2025-05-28 14:00:00,0.3578726
2025-05-28 15:00:00,0.37954396
2025-05-28 16:00:00,0.39362723
2025-05-28 17:00:00,0.4045933
2025-05-28 18:00:00,0.4124653
2025-05-28 19:00:00,0.41867942
2025-05-28 20:00:00,0.42438775
2025-05-28 21:00:00,0.42965126
2025-05-28 22:00:00,0.44321126
2025-05-28 23:00:00,0.471027
2025-05-29 00:00:00,0.4903036
2025-05-29 01:00:00,0.5094298
2025-05-29 02:00:00,0.5306922
2025-05-29 03:00:00,0.5430896
2025-05-29 04:00:00,0.5494162
2025-05-29 05:00:00,0.55118287
2025-05-29 06:00:00,0.5512453
2025-05-29 07:00:00,0.55004877
2025-05-29 08:00:00,0.54742813
2025-05-29 09:00:00,0.547094
2025-05-29 10:00:00,0.55358356
2025-05-29 11:00:00,0.5678178
2025-05-29 12:00:00,0.58794785
2025-05-29 13:00:00,0.6116425
2025-05-29 14:00:00,0.6360906
2025-05-29 15:00:00,0.65822476
2025-05-29 16:00:00,0.6761603
2025-05-29 17:00:00,0.68850243
2025-05-29 18:00:00,0.69755745
2025-05-29 19:00:00,0.7043525
2025-05-29 20:00:00,0.70826894
2025-05-29 21:00:00,0.70974857
2025-05-29 22:00:00,0.7124969
2025-05-29 23:00:00,0.720867
2025-05-30 00:00:00,0.73567903
2025-05-30 01:00:00,0.7539956
2025-05-30 02:00:00,0.7719707
2025-05-30 03:00:00,0.78682935
2025-05-30 04:00:00,0.7967015
2025-05-30 05:00:00,0.8020135
2025-05-30 06:00:00,0.80337936
2025-05-30 07:00:00,0.80278033
2025-05-30 08:00:00,0.8017761
2025-05-30 09:00:00,0.7991924
2025-05-30 10:00:00,0.79747784
2025-05-30 11:00:00,0.80079925
2025-05-30 12:00:00,0.81011087
2025-05-30 13:00:00,0.8245473
2025-05-30 14:00:00,0.8411666
2025-05-30 15:00:00,0.8564944
2025-05-30 16:00:00,0.86832297
2025-05-30 17:00:00,0.8752504
2025-05-30 18:00:00,0.8784594
2025-05-30 19:00:00,0.8790162
2025-05-30 20:00:00,0.87715244
2025-05-30 21:00:00,0.87340665
2025-05-30 22:00:00,0.8683859
2025-05-30 23:00:00,0.8651352
2025-05-31 00:00:00,0.86672175
2025-05-31 01:00:00,0.8724272
2025-05-31 02:00:00,0.8801655
2025-05-31 03:00:00,0.8872403
2025-05-31 04:00:00,0.89181477
2025-05-31 05:00:00,0.8932139
2025-05-31 06:00:00,0.8917578
2025-05-31 07:00:00,0.88805264
2025-05-31 08:00:00,0.88175255
2025-05-31 09:00:00,0.8737979
2025-05-31 10:00:00,0.86610264
2025-05-31 11:00:00,0.8606671
2025-05-31 12:00:00,0.8601205
2025-05-31 13:00:00,0.8653061
2025-05-31 14:00:00,0.87550783
2025-05-31 15:00:00,0.88815814
2025-05-31 16:00:00,0.89947087
2025-05-31 17:00:00,0.90730196
2025-05-31 18:00:00,0.9107924
2025-05-31 19:00:00,0.9110319
2025-05-31 20:00:00,0.9093172
2025-05-31 21:00:00,0.9057278
2025-05-31 22:00:00,0.9009741
2025-05-31 23:00:00,0.8957286
2025-06-01 00:00:00,0.8924365
2025-06-01 01:00:00,0.89218545
2025-06-01 02:00:00,0.8952325
2025-06-01 03:00:00,0.9008012
2025-06-01 04:00:00,0.9069953
2025-06-01 05:00:00,0.9115119
2025-06-01 06:00:00,0.9128913
2025-06-01 07:00:00,0.91073024
2025-06-01 08:00:00,0.90566444
2025-06-01 09:00:00,0.89853907
2025-06-01 10:00:00,0.8908995
2025-06-01 11:00:00,0.8838223
2025-06-01 12:00:00,0.8797893
2025-06-01 13:00:00,0.88127774
2025-06-01 14:00:00,0.88759184
2025-06-01 15:00:00,0.8979761
2025-06-01 16:00:00,0.9096234
2025-06-01 17:00:00,0.9187618
2025-06-01 18:00:00,0.9258331
2025-06-01 19:00:00,0.92755294
2025-06-01 20:00:00,0.9254638
2025-06-01 21:00:00,0.9217325
2025-06-01 22:00:00,0.91643417
2025-06-01 23:00:00,0.912159
2025-06-02 00:00:00,0.90787745
